{"cameraMode":{"drawMode":0,"name":"Shaded","section":"Shading Mode"},"sceneLighting":false,"audioPlay":false,"sceneViewState":{"showFog":true,"showMaterialUpdate":false,"showSkybox":false,"showFlares":true,"showImageEffects":true,"showParticleSystems":true},"in2DMode":false,"pivot":{"x":-41.544898986816409,"y":-40.28544616699219,"z":-24.25098991394043},"rotation":{"x":0.17750568687915803,"y":-0.8061429262161255,"z":0.29874613881111147,"w":0.47897008061408999},"size":71.57941436767578,"orthographic":false}