{"cameraMode":{"drawMode":0,"name":"Shaded","section":"Shading Mode"},"sceneLighting":true,"audioPlay":false,"sceneViewState":{"showFog":true,"showMaterialUpdate":false,"showSkybox":true,"showFlares":true,"showImageEffects":true,"showParticleSystems":true},"in2DMode":false,"pivot":{"x":9.52967643737793,"y":-8.540664672851563,"z":9.446084976196289},"rotation":{"x":0.2973637282848358,"y":0.6219813227653503,"z":-0.27619796991348269,"w":0.6696662306785584},"size":62.97262954711914,"orthographic":false}