{"cameraMode":{"drawMode":0,"name":"Shaded","section":"Shading Mode"},"sceneLighting":true,"audioPlay":false,"sceneViewState":{"showFog":true,"showMaterialUpdate":false,"showSkybox":false,"showFlares":true,"showImageEffects":true,"showParticleSystems":true},"in2DMode":false,"pivot":{"x":0.3574609160423279,"y":2.0600481033325197,"z":0.8897473812103272},"rotation":{"x":-0.12029486894607544,"y":-0.8633393049240112,"z":0.24452313780784608,"w":-0.42474061250686648},"size":2.590254545211792,"orthographic":false}