{"cameraMode":{"drawMode":0,"name":"Shaded","section":"Shading Mode"},"sceneLighting":false,"audioPlay":false,"sceneViewState":{"showFog":true,"showMaterialUpdate":false,"showSkybox":false,"showFlares":true,"showImageEffects":true,"showParticleSystems":true},"in2DMode":false,"pivot":{"x":0.21194076538085938,"y":2.4192073345184328,"z":-0.24548721313476563},"rotation":{"x":-0.07325289398431778,"y":-0.1691150963306427,"z":0.012610763311386109,"w":-0.9828025698661804},"size":10.176729202270508,"orthographic":false}