{"cameraMode":{"drawMode":0,"name":"Shaded","section":"Shading Mode"},"sceneLighting":false,"audioPlay":false,"sceneViewState":{"showFog":true,"showMaterialUpdate":false,"showSkybox":false,"showFlares":true,"showImageEffects":true,"showParticleSystems":true},"in2DMode":false,"pivot":{"x":296.9169006347656,"y":156.80450439453126,"z":115.13336181640625},"rotation":{"x":-0.11131114512681961,"y":0.8567911386489868,"z":-0.4585514962673187,"w":-0.20805704593658448},"size":844.9992065429688,"orthographic":false}