{"cameraMode":{"drawMode":0,"name":"Shaded","section":"Shading Mode"},"sceneLighting":false,"audioPlay":false,"sceneViewState":{"showFog":true,"showMaterialUpdate":false,"showSkybox":false,"showFlares":true,"showImageEffects":true,"showParticleSystems":true},"in2DMode":false,"pivot":{"x":-0.6249342560768127,"y":-0.11837470531463623,"z":-1.5460182428359986},"rotation":{"x":-0.038980014622211459,"y":0.959257185459137,"z":-0.16595646739006043,"w":-0.2253112494945526},"size":3.759536027908325,"orthographic":false}