{"cameraMode":{"drawMode":0,"name":"Shaded","section":"Shading Mode"},"sceneLighting":true,"audioPlay":false,"sceneViewState":{"showFog":true,"showMaterialUpdate":false,"showSkybox":true,"showFlares":true,"showImageEffects":true,"showParticleSystems":true},"in2DMode":false,"pivot":{"x":-0.8598246574401856,"y":1.1312711238861085,"z":-0.04665374755859375},"rotation":{"x":0.16937044262886048,"y":0.31880897283554079,"z":-0.05801147595047951,"w":0.9307618141174316},"size":10.894001960754395,"orthographic":false}