{"cameraMode":{"drawMode":0,"name":"Shaded","section":"Shading Mode"},"sceneLighting":false,"audioPlay":false,"sceneViewState":{"showFog":true,"showMaterialUpdate":false,"showSkybox":false,"showFlares":true,"showImageEffects":true,"showParticleSystems":true},"in2DMode":false,"pivot":{"x":-0.05648684501647949,"y":1.467512845993042,"z":0.6722073554992676},"rotation":{"x":-0.17271921038627625,"y":-0.1742323637008667,"z":0.03105403296649456,"w":-0.9689679145812988},"size":6.923135280609131,"orthographic":false}