{"cameraMode":{"drawMode":0,"name":"Shaded","section":"Shading Mode"},"sceneLighting":true,"audioPlay":false,"sceneViewState":{"showFog":true,"showMaterialUpdate":false,"showSkybox":false,"showFlares":true,"showImageEffects":true,"showParticleSystems":true},"in2DMode":false,"pivot":{"x":1.043081283569336e-7,"y":1.4901161193847657e-8,"z":0.4910609722137451},"rotation":{"x":-0.1778024584054947,"y":0.7518317699432373,"z":-0.22517727315425874,"w":-0.5936722159385681},"size":5.344595909118652,"orthographic":false}