{"cameraMode":{"drawMode":0,"name":"Shaded","section":"Shading Mode"},"sceneLighting":true,"audioPlay":false,"sceneViewState":{"showFog":true,"showMaterialUpdate":false,"showSkybox":true,"showFlares":true,"showImageEffects":true,"showParticleSystems":true},"in2DMode":false,"pivot":{"x":-87.19776153564453,"y":-170.27163696289063,"z":268.5290832519531},"rotation":{"x":0.2630005478858948,"y":-0.20300748944282533,"z":0.056712888181209567,"w":0.9415164589881897},"size":524.2530517578125,"orthographic":false}