{"cameraMode":{"drawMode":0,"name":"Shaded","section":"Shading Mode"},"sceneLighting":false,"audioPlay":false,"sceneViewState":{"showFog":true,"showMaterialUpdate":false,"showSkybox":false,"showFlares":true,"showImageEffects":true,"showParticleSystems":true},"in2DMode":false,"pivot":{"x":-3.782395601272583,"y":-0.10805892944335938,"z":2.8562774658203127},"rotation":{"x":-0.11785508692264557,"y":0.7140271067619324,"z":-0.12397759407758713,"w":-0.6789330244064331},"size":12.795248031616211,"orthographic":false}