{"cameraMode":{"drawMode":0,"name":"Shaded","section":"Shading Mode"},"sceneLighting":false,"audioPlay":false,"sceneViewState":{"showFog":true,"showMaterialUpdate":false,"showSkybox":false,"showFlares":true,"showImageEffects":true,"showParticleSystems":true},"in2DMode":false,"pivot":{"x":53.46339416503906,"y":-43.33846664428711,"z":78.581787109375},"rotation":{"x":-0.1635337918996811,"y":-0.3573107123374939,"z":0.06366278231143952,"w":-0.9173765182495117},"size":301.53717041015627,"orthographic":false}