{"cameraMode":{"drawMode":0,"name":"Shaded","section":"Shading Mode"},"sceneLighting":false,"audioPlay":false,"sceneViewState":{"showFog":true,"showMaterialUpdate":false,"showSkybox":false,"showFlares":true,"showImageEffects":true,"showParticleSystems":true},"in2DMode":false,"pivot":{"x":108.68244934082031,"y":70.2032470703125,"z":-25.155975341796876},"rotation":{"x":-0.0494280681014061,"y":0.15961556136608125,"z":0.008073831908404827,"w":0.9859402775764465},"size":424.9832763671875,"orthographic":false}