{"cameraMode":{"drawMode":0,"name":"Shaded","section":"Shading Mode"},"sceneLighting":true,"audioPlay":false,"sceneViewState":{"showFog":true,"showMaterialUpdate":false,"showSkybox":true,"showFlares":true,"showImageEffects":true,"showParticleSystems":true},"in2DMode":false,"pivot":{"x":2.09261417388916,"y":-0.558823823928833,"z":1.7393474578857422},"rotation":{"x":0.21963296830654145,"y":0.38684502243995669,"z":-0.0954095795750618,"w":0.8905150890350342},"size":7.129851818084717,"orthographic":false}