{"cameraMode":{"drawMode":0,"name":"Shaded","section":"Shading Mode"},"sceneLighting":false,"audioPlay":false,"sceneViewState":{"showFog":true,"showMaterialUpdate":false,"showSkybox":false,"showFlares":true,"showImageEffects":true,"showParticleSystems":true},"in2DMode":false,"pivot":{"x":-0.35080623626708987,"y":0.6940854787826538,"z":-0.4725860357284546},"rotation":{"x":-0.31858983635902407,"y":-0.36658382415771487,"z":0.1352134346961975,"w":-0.8636438250541687},"size":2.6453025341033937,"orthographic":false}