{"cameraMode":{"drawMode":0,"name":"Shaded","section":"Shading Mode"},"sceneLighting":false,"audioPlay":false,"sceneViewState":{"showFog":true,"showMaterialUpdate":false,"showSkybox":false,"showFlares":true,"showImageEffects":true,"showParticleSystems":true},"in2DMode":false,"pivot":{"x":1.3389891386032105,"y":-0.5577647089958191,"z":-0.3076959252357483},"rotation":{"x":0.10649386048316956,"y":0.8119044899940491,"z":-0.1565648317337036,"w":0.5522369146347046},"size":2.4737093448638918,"orthographic":false}