{"cameraMode":{"drawMode":0,"name":"Shaded","section":"Shading Mode"},"sceneLighting":true,"audioPlay":false,"sceneViewState":{"showFog":true,"showMaterialUpdate":false,"showSkybox":false,"showFlares":true,"showImageEffects":true,"showParticleSystems":true},"in2DMode":false,"pivot":{"x":0.11718708276748657,"y":-0.13371872901916505,"z":1.2405858039855958},"rotation":{"x":-0.2245480716228485,"y":-0.6075314879417419,"z":0.1845403015613556,"w":-0.7392425537109375},"size":0.7902547717094421,"orthographic":false}